City,Country,Cloudiness,Date,Humidity,Latitude,Longitude,Max Temp,Wind Speed
Ocós,GT,3,2022-04-25,66,14.5094,-92.1933,84.38,5.14
Mataura,NZ,90,2022-04-25,76,-46.1927,168.8643,54.48,12.1
George Town,MY,20,2022-04-25,79,5.4112,100.3354,84.13,0.0
Tarkwa,GH,100,2022-04-25,91,5.3064,-1.9847,72.81,2.73
Olinda,BR,75,2022-04-25,74,-8.0089,-34.8553,82.13,9.22
Kalabo,ZM,38,2022-04-25,75,-14.97,22.6814,65.82,4.56
Qaanaaq,GL,49,2022-04-25,67,77.484,-69.3632,0.66,6.82
Teya,RU,100,2022-04-25,85,60.3778,92.6267,26.62,6.91
Lakes Entrance,AU,100,2022-04-25,70,-37.8811,147.981,63.16,3.4
Comodoro Rivadavia,AR,0,2022-04-25,53,-45.8667,-67.5,48.06,35.68
Rikitea,PF,100,2022-04-25,85,-23.1203,-134.9692,73.36,13.29
Hobart,AU,75,2022-04-25,85,-42.8794,147.3294,57.25,8.05
São João da Barra,BR,100,2022-04-25,82,-21.6403,-41.0511,74.61,11.92
Bluff,NZ,91,2022-04-25,80,-46.6,168.3333,54.81,29.24
Lebu,CL,7,2022-04-25,77,-37.6167,-73.65,51.39,6.11
Opuwo,NA,1,2022-04-25,50,-18.0607,13.84,63.9,4.16
Sola,VU,97,2022-04-25,71,-13.8833,167.55,81.34,5.08
Bredasdorp,ZA,75,2022-04-25,75,-34.5322,20.0403,56.21,4.94
Albany,US,73,2022-04-25,47,42.6001,-73.9662,61.45,9.1
Kapit,MY,100,2022-04-25,99,2.0167,112.9333,75.38,1.83
Vaini,TO,75,2022-04-25,83,-21.2,-175.2,78.96,5.75
Khatanga,RU,88,2022-04-25,95,71.9667,102.5,0.79,5.79
Kariba,ZW,0,2022-04-25,78,-16.5167,28.8,67.55,3.0
Lincoln,US,100,2022-04-25,53,40.8,-96.667,49.28,20.71
Codrington,AU,90,2022-04-25,50,-38.2667,141.9667,64.56,5.68
Puerto Ayora,EC,73,2022-04-25,89,-0.7393,-90.3518,72.37,6.71
Erzurum Province,TR,1,2022-04-25,60,40.0,41.5,38.88,3.22
Atuona,PF,24,2022-04-25,74,-9.8,-139.0333,79.07,17.07
Houma,US,40,2022-04-25,85,29.5958,-90.7195,78.01,11.5
Hermanus,ZA,96,2022-04-25,72,-34.4187,19.2345,58.78,3.56
Leshan,CN,100,2022-04-25,72,29.5623,103.7639,68.92,3.58
Mar del Plata,AR,53,2022-04-25,70,-38.0023,-57.5575,64.87,14.0
Vao,NC,100,2022-04-25,63,-22.6667,167.4833,74.64,22.95
Arraial do Cabo,BR,100,2022-04-25,76,-22.9661,-42.0278,75.11,10.96
Broome,US,20,2022-04-25,45,42.2506,-75.833,72.37,9.22
Beringovskiy,RU,100,2022-04-25,77,63.05,179.3167,29.05,9.33
Ferrol,ES,59,2022-04-25,89,43.4832,-8.2369,52.34,6.98
Punta Arenas,CL,100,2022-04-25,93,-53.15,-70.9167,41.11,6.91
Hamilton,US,0,2022-04-25,54,39.1834,-84.5333,77.09,8.05
Richards Bay,ZA,100,2022-04-25,92,-28.783,32.0377,66.49,11.07
Shumskiy,RU,100,2022-04-25,67,54.8318,99.1328,28.33,11.77
Lima,PE,89,2022-04-25,72,-12.0432,-77.0282,70.9,8.55
Bambous Virieux,MU,14,2022-04-25,72,-20.3428,57.7575,75.22,16.49
Yellowknife,CA,20,2022-04-25,52,62.456,-114.3525,37.92,13.8
Hilo,US,100,2022-04-25,84,19.7297,-155.09,83.28,4.0
Guerrero Negro,MX,0,2022-04-25,49,27.9769,-114.0611,69.06,18.03
Busselton,AU,100,2022-04-25,50,-33.65,115.3333,68.56,11.3
Lingao,CN,32,2022-04-25,67,19.9103,109.6859,82.8,10.89
Lompoc,US,0,2022-04-25,76,34.6391,-120.4579,79.57,18.01
Korla,CN,96,2022-04-25,27,41.7597,86.1469,66.78,9.84
Matara,LK,100,2022-04-25,86,5.9485,80.5353,78.67,1.61
Jamestown,US,0,2022-04-25,40,42.097,-79.2353,73.04,5.75
Sabzawār,IR,100,2022-04-25,52,36.2126,57.6819,65.88,11.01
Kapaa,US,75,2022-04-25,74,22.0752,-159.319,82.38,14.97
Berdigestyakh,RU,80,2022-04-25,78,62.0989,126.6992,25.63,5.3
Port Alfred,ZA,100,2022-04-25,76,-33.5906,26.891,57.18,5.99
Cherskiy,RU,100,2022-04-25,80,68.75,161.3,22.89,7.25
Kaeo,NZ,100,2022-04-25,74,-35.1,173.7833,71.33,8.7
Ancud,CL,64,2022-04-25,75,-41.8697,-73.8203,44.22,21.72
Saint-Philippe,RE,84,2022-04-25,77,-21.3585,55.7679,74.79,12.86
Cape Town,ZA,0,2022-04-25,79,-33.9258,18.4232,57.9,8.01
Mehamn,NO,100,2022-04-25,81,71.0357,27.8492,33.13,4.97
Saint Paul Harbor,US,75,2022-04-25,54,57.79,-152.4072,53.11,8.05
Būrewāla,PK,100,2022-04-25,22,30.1667,72.65,80.6,6.31
Ulety,RU,100,2022-04-25,40,51.3572,112.4849,34.5,6.04
Dmitriyevka,RU,100,2022-04-25,74,54.75,55.3333,47.75,5.79
Geraldton,AU,100,2022-04-25,37,-28.7667,114.6,72.01,17.27
Tiksi,RU,93,2022-04-25,95,71.6872,128.8694,4.71,3.53
Peniche,PT,31,2022-04-25,93,39.3558,-9.3811,54.45,4.12
Hudson Bay,CA,88,2022-04-25,77,52.85,-102.3842,32.16,11.48
Kavaratti,IN,5,2022-04-25,71,10.5669,72.642,84.09,1.25
La Roda,ES,95,2022-04-25,63,39.2167,-2.15,48.9,4.7
Hobyo,SO,4,2022-04-25,72,5.3505,48.5268,82.78,11.07
Yulara,AU,13,2022-04-25,63,-25.2406,130.9889,67.8,6.31
Butaritari,KI,49,2022-04-25,77,3.0707,172.7902,81.36,10.96
Provideniya,RU,0,2022-04-25,64,64.3833,-173.3,35.71,4.47
Mahon,ES,0,2022-04-25,87,39.8885,4.2658,54.16,5.75
Bengkulu,ID,89,2022-04-25,87,-3.8004,102.2655,77.59,3.87
Faanui,PF,29,2022-04-25,72,-16.4833,-151.75,81.34,7.2
Barrow,US,75,2022-04-25,73,71.2906,-156.7887,19.42,10.36
Eskil,TR,0,2022-04-25,33,38.4017,33.4131,62.44,6.8
Singkang,MY,99,2022-04-25,90,2.1006,102.7994,79.72,2.71
Sozimskiy,RU,18,2022-04-25,97,59.7418,52.2482,31.68,4.09
Faya,SA,6,2022-04-25,51,18.3851,42.4509,59.52,1.1
Te Anau,NZ,43,2022-04-25,60,-45.4167,167.7167,59.99,3.53
Karla,EE,75,2022-04-25,81,59.3723,24.9275,40.71,12.66
Nísia Floresta,BR,17,2022-04-25,92,-6.0911,-35.2086,77.81,6.06
Longyearbyen,SJ,75,2022-04-25,61,78.2186,15.6401,8.44,11.5
Boguchany,RU,96,2022-04-25,87,58.3814,97.4531,30.47,6.8
Tūkrah,LY,19,2022-04-25,74,32.5341,20.5791,59.81,11.5
Jiblah,YE,1,2022-04-25,59,13.9216,44.1467,61.95,4.41
Kavieng,PG,100,2022-04-25,69,-2.5744,150.7967,84.83,7.52
Keşan,TR,58,2022-04-25,73,40.8558,26.6303,53.55,1.59
Port Shepstone,ZA,100,2022-04-25,90,-30.7414,30.455,63.45,10.96
North Bend,US,0,2022-04-25,91,43.4065,-124.2243,64.24,13.8
Lagoa,PT,0,2022-04-25,74,39.05,-27.9833,57.79,18.7
Carnarvon,AU,51,2022-04-25,78,-24.8667,113.6333,75.27,5.75
Okha,RU,100,2022-04-25,73,53.5739,142.9478,31.68,9.01
Norrtälje,SE,4,2022-04-25,87,59.758,18.705,37.02,6.35
Birnin Kebbi,NG,96,2022-04-25,35,12.4539,4.1975,87.17,8.93
Mumford,GH,100,2022-04-25,84,5.2618,-0.759,79.74,4.05
Alice Springs,AU,100,2022-04-25,82,-23.7,133.8833,65.75,9.22
The Valley,AI,19,2022-04-25,73,18.217,-63.0578,77.83,17.94
Hualmay,PE,51,2022-04-25,86,-11.0964,-77.6139,67.41,9.69
Kruisfontein,ZA,100,2022-04-25,78,-34.0033,24.7314,52.88,5.95
Pevek,RU,86,2022-04-25,89,69.7008,170.3133,13.21,1.39
Santa Rosalía,MX,0,2022-04-25,33,27.3167,-112.2833,73.45,6.24
Srednekolymsk,RU,100,2022-04-25,85,67.45,153.6833,21.18,16.91
Kulhudhuffushi,MV,21,2022-04-25,72,6.6221,73.07,84.13,6.17
Rawson,AR,1,2022-04-25,34,-43.3002,-65.1023,57.36,27.34
San Vicente,AR,0,2022-04-25,86,-26.6167,-54.1333,68.63,5.03
Darhan,MN,100,2022-04-25,50,49.4867,105.9228,30.79,18.57
Nouadhibou,MR,0,2022-04-25,76,20.931,-17.0347,65.19,14.0
New Norfolk,AU,100,2022-04-25,80,-42.7826,147.0587,56.91,1.68
Waddān,LY,18,2022-04-25,41,29.1614,16.139,64.42,5.77
Tuktoyaktuk,CA,100,2022-04-25,88,69.4541,-133.0374,32.04,4.0
Nanortalik,GL,100,2022-04-25,90,60.1432,-45.2371,37.35,3.42
Ushuaia,AR,60,2022-04-25,88,-54.8,-68.3,36.01,3.04
San Cristobal,VE,89,2022-04-25,98,7.7669,-72.225,69.98,2.04
Dwārka,IN,0,2022-04-25,74,22.2394,68.9678,80.74,11.14
Kitimat,CA,100,2022-04-25,99,54.0524,-128.6534,43.41,1.79
Atar,MR,0,2022-04-25,32,20.5169,-13.0499,76.32,7.61
Saldanha,ZA,0,2022-04-25,79,-33.0117,17.9442,57.27,14.2
Inhambane,MZ,0,2022-04-25,87,-23.865,35.3833,74.3,4.05
Treinta y Tres,UY,52,2022-04-25,43,-33.2333,-54.3833,64.51,9.66
Puri,IN,5,2022-04-25,87,19.8,85.85,82.92,14.76
Santa Marta,CO,47,2022-04-25,66,11.2408,-74.199,84.88,15.99
Talnakh,RU,90,2022-04-25,97,69.4865,88.3972,-3.8,5.1
Chapleau,CA,100,2022-04-25,94,47.8405,-83.4034,54.14,11.83
Sinyavskoye,RU,6,2022-04-25,85,47.277,39.2789,57.76,4.74
Derzhavīnsk,KZ,9,2022-04-25,58,51.1,66.3167,35.06,8.19
Manuk Mangkaw,PH,35,2022-04-25,77,4.8,119.85,82.56,3.87
Zhigansk,RU,91,2022-04-25,91,66.7697,123.3711,16.14,7.7
Peterhead,GB,100,2022-04-25,74,57.5058,-1.7981,43.66,3.09
Upernavik,GL,40,2022-04-25,94,72.7868,-56.1549,0.05,6.93
Thompson,CA,1,2022-04-25,67,55.7435,-97.8558,15.89,13.78
Kismayo,SO,87,2022-04-25,78,-0.3582,42.5454,82.22,11.39
Bisira,PA,77,2022-04-25,97,8.5196,-81.7115,61.2,2.75
Cabo San Lucas,MX,0,2022-04-25,63,22.8909,-109.9124,78.62,11.5
Akdepe,TM,27,2022-04-25,45,42.0551,59.3788,57.54,4.52
El Dorado,US,3,2022-04-25,37,38.7666,-120.5177,68.29,1.99
Bang Mun Nak,TH,8,2022-04-25,59,16.0278,100.3792,87.93,10.51
Zhangaözen,KZ,100,2022-04-25,33,43.3,52.8,60.15,11.81
Hasaki,JP,63,2022-04-25,73,35.7333,140.8333,73.29,3.65
Tuatapere,NZ,40,2022-04-25,69,-46.1333,167.6833,58.33,14.7
Belyy Yar,RU,11,2022-04-25,64,53.6039,91.3903,29.86,0.0
Alépé,CI,100,2022-04-25,91,5.5004,-3.6631,75.07,1.14
Dikson,RU,100,2022-04-25,93,73.5069,80.5464,8.78,16.6
Burnie,AU,87,2022-04-25,1,-41.0667,145.9167,56.95,6.24
Ndélé,CF,82,2022-04-25,70,8.4109,20.6473,76.78,6.26
East London,ZA,58,2022-04-25,72,-33.0153,27.9116,61.83,15.88
Ixtlán del Río,MX,0,2022-04-25,28,21.0333,-104.3667,81.41,7.65
Sikonge,TZ,100,2022-04-25,98,-5.6333,32.7667,63.72,2.62
Taltal,CL,0,2022-04-25,80,-25.4,-70.4833,63.77,5.23
Arbuzynka,UA,44,2022-04-25,81,47.9097,31.3196,50.0,6.62
Murindó,CO,100,2022-04-25,96,6.9848,-76.7544,74.64,2.71
Bathsheba,BB,40,2022-04-25,78,13.2167,-59.5167,79.41,20.71
Castro,BR,2,2022-04-25,94,-24.7911,-50.0119,59.74,5.21
Brasília,BR,0,2022-04-25,60,-15.7797,-47.9297,74.32,6.91
Ponta do Sol,PT,100,2022-04-25,86,32.6667,-17.1,65.01,10.96
Caravelas,BR,0,2022-04-25,93,-17.7125,-39.2481,76.23,4.85
Yining,CN,100,2022-04-25,87,29.0361,114.5636,76.46,4.5
Whitehorse,CA,75,2022-04-25,65,60.7161,-135.0538,48.02,5.75
Consolación del Sur,CU,0,2022-04-25,75,22.5047,-83.5136,74.23,7.18
Tiznit Province,MA,95,2022-04-25,90,29.5833,-9.5,53.11,4.88
Lata,PT,16,2022-04-25,95,40.1629,-8.3327,50.07,1.88
Pisco,PE,0,2022-04-25,77,-13.7,-76.2167,69.03,6.91
Mayo,US,0,2022-04-25,71,38.8876,-76.5119,65.26,11.5
Sovetskiy,RU,71,2022-04-25,96,61.3614,63.5842,29.97,2.8
Mt. Pleasant,US,0,2022-04-25,83,32.7941,-79.8626,71.01,3.44
Husavik,IS,100,2022-04-25,89,66.0449,-17.3389,41.83,0.65
Mill Valley,US,1,2022-04-25,71,37.906,-122.545,77.05,8.99
Walvis Bay,NA,0,2022-04-25,73,-22.9575,14.5053,58.96,11.12
Campbeltown,GB,30,2022-04-25,83,55.4258,-5.6076,42.85,10.8
Zeya,RU,0,2022-04-25,25,53.75,127.2667,42.98,7.27
Saskylakh,RU,90,2022-04-25,94,71.9167,114.0833,8.55,2.37
Buala,SB,86,2022-04-25,69,-8.145,159.5921,85.68,6.78
Samaná,DO,62,2022-04-25,79,19.2056,-69.3369,73.83,8.03
Laas,IT,99,2022-04-25,92,46.6166,10.7002,40.69,2.68
Lufilufi,WS,86,2022-04-25,76,-13.8745,-171.5986,82.29,11.32
Kaitangata,NZ,43,2022-04-25,67,-46.2817,169.8464,58.05,18.59
Ponta Delgada,PT,20,2022-04-25,72,37.7333,-25.6667,57.92,8.05
Erenhot,CN,57,2022-04-25,17,43.6475,111.9767,66.94,25.66
Kibondo,TZ,100,2022-04-25,98,-3.5864,30.7203,59.27,2.93
Meulaboh,ID,99,2022-04-25,86,4.1363,96.1285,79.43,3.85
Nicoya,CR,68,2022-04-25,74,10.1483,-85.452,80.91,1.7
Torbay,CA,100,2022-04-25,96,47.6666,-52.7314,37.76,16.11
Bushehr,IR,100,2022-04-25,40,28.9684,50.8385,78.37,2.75
Najrān,SA,16,2022-04-25,46,17.4924,44.1277,71.67,3.85
Denpasar,ID,75,2022-04-25,94,-8.65,115.2167,78.46,3.44
Miyako,JP,0,2022-04-25,59,39.6367,141.9525,63.57,3.2
Sitka,US,100,2022-04-25,76,57.0531,-135.33,46.29,0.0
Avarua,CK,20,2022-04-25,78,-21.2078,-159.775,82.45,5.75
Turukhansk,RU,100,2022-04-25,91,65.8167,87.9833,11.32,5.26
Hithadhoo,MV,100,2022-04-25,73,-0.6,73.0833,84.16,8.08
Nelson Bay,AU,100,2022-04-25,83,-32.7167,152.15,69.01,3.58
Dingle,PH,94,2022-04-25,74,10.9995,122.6711,84.61,11.01
Alta Floresta,BR,92,2022-04-25,94,-9.8756,-56.0861,73.94,2.82
Chui,UY,0,2022-04-25,62,-33.6971,-53.4616,64.36,13.06
Broken Hill,AU,37,2022-04-25,42,-31.95,141.4333,72.25,17.18
Tautira,PF,19,2022-04-25,70,-17.7333,-149.15,80.8,7.29
Gurupá,BR,100,2022-04-25,97,-1.405,-51.64,74.03,2.8
Mossamedes,AO,1,2022-04-25,82,-15.1961,12.1522,69.93,6.08
Pozo Colorado,PY,0,2022-04-25,48,-23.4923,-58.7972,86.54,13.58
Damaturu,NG,100,2022-04-25,40,11.747,11.9608,85.55,11.12
Atbasar,KZ,7,2022-04-25,54,51.8,68.3333,33.12,7.87
Souillac,MU,11,2022-04-25,75,-20.5167,57.5167,74.62,15.14
Nerchinskiy Zavod,RU,100,2022-04-25,60,51.3088,119.61,37.76,5.68
Saint-Augustin,CA,100,2022-04-25,91,51.226,-58.6502,37.13,19.17
Ahipara,NZ,98,2022-04-25,73,-35.1667,173.1667,65.08,12.21
Katsuura,JP,18,2022-04-25,73,35.1333,140.3,68.58,1.63
Juneau,US,100,2022-04-25,86,58.3019,-134.4197,46.4,11.5
Nueva Gorgona,PA,92,2022-04-25,99,8.55,-79.8667,82.22,3.53
Ust'-Ishim,RU,80,2022-04-25,70,57.6935,71.1665,34.52,6.08
Grindavik,IS,100,2022-04-25,93,63.8424,-22.4338,43.27,11.5
Constitución,CL,87,2022-04-25,92,-35.3333,-72.4167,54.27,3.0
Udachny,RU,51,2022-04-25,84,66.4167,112.4,15.98,3.33
Lüderitz,NA,0,2022-04-25,62,-26.6481,15.1594,54.63,15.99
Harper,LR,100,2022-04-25,84,4.375,-7.7169,80.31,2.8
Valera,VE,100,2022-04-25,94,9.3178,-70.6036,72.81,2.98
Iskateley,RU,100,2022-04-25,97,67.6803,53.1512,24.71,8.48
Uberaba,BR,93,2022-04-25,68,-19.7483,-47.9319,70.65,5.77
Khovd,MN,6,2022-04-25,33,48.0056,91.6419,26.37,1.99
Avera,US,84,2022-04-25,66,33.194,-82.5271,69.55,5.97
Touros,BR,100,2022-04-25,91,-5.1989,-35.4608,76.1,8.52
Arrondissement de Roanne,FR,52,2022-04-25,92,46.0,4.0,50.54,6.8
Esperance,AU,67,2022-04-25,68,-33.8667,121.9,64.15,9.8
San Andrés,CO,40,2022-04-25,83,12.5847,-81.7006,78.82,5.75
Yar-Sale,RU,54,2022-04-25,97,66.8333,70.8333,1.53,4.21
Forsytheganj,BY,100,2022-04-25,82,52.6333,29.7333,47.89,7.76
Saint George,US,0,2022-04-25,12,37.1041,-113.5841,71.64,16.11
Nikolskoye,RU,100,2022-04-25,97,59.7035,30.7861,44.87,6.17
Quechultenango,MX,24,2022-04-25,52,17.4167,-99.2167,77.36,6.35
Leopold,AU,40,2022-04-25,88,-38.1833,144.4667,64.65,5.75
Ati,TD,100,2022-04-25,14,13.2154,18.3353,88.11,3.49
Saint-Hyacinthe,CA,100,2022-04-25,54,45.6168,-72.9491,51.1,8.61
San Luis,AR,0,2022-04-25,47,-33.295,-66.3356,67.68,12.01
Hambantota,LK,75,2022-04-25,100,6.1241,81.1185,75.54,3.44
Nam Dinh,VN,88,2022-04-25,83,20.4167,106.1667,80.73,11.95
Finschhafen,PG,82,2022-04-25,67,-6.6024,147.8681,85.06,3.44
Port Lincoln,AU,67,2022-04-25,70,-34.7333,135.8667,67.12,15.21
Otautau,NZ,50,2022-04-25,71,-46.15,168.0,54.45,10.96
Tasiilaq,GL,17,2022-04-25,68,65.6145,-37.6368,30.36,3.24
Norman Wells,CA,89,2022-04-25,78,65.282,-126.8329,41.86,3.62
Malkara,TR,92,2022-04-25,67,40.89,26.9011,51.8,1.72
Port-Cartier,CA,100,2022-04-25,91,50.0334,-66.8654,36.75,5.08
Yelizavetinskoye,RU,8,2022-04-25,76,45.0072,43.3494,48.56,3.2
Zhuhai,CN,40,2022-04-25,89,22.2769,113.5678,85.86,8.05
St. George's,GD,94,2022-04-25,76,12.0564,-61.7485,78.58,13.69
Rincon,US,0,2022-04-25,64,32.296,-81.2354,70.86,8.05
Narrabri,AU,100,2022-04-25,51,-30.3167,149.7833,72.52,5.01
Taperoá,BR,93,2022-04-25,76,-7.2075,-36.8267,69.94,11.27
Natitingou,BJ,72,2022-04-25,67,10.3042,1.3796,79.2,4.47
Huejuquilla el Alto,MX,0,2022-04-25,19,22.6,-103.8667,75.97,14.09
Puerto Escondido,MX,75,2022-04-25,74,15.85,-97.0667,83.23,0.0
Ust-Tsilma,RU,100,2022-04-25,89,65.441,52.1498,31.1,4.29
Sava,IT,0,2022-04-25,42,40.4034,17.5584,60.08,6.96
Kondinskoye,RU,33,2022-04-25,93,59.6481,67.41,30.54,4.47
Kyshtovka,RU,72,2022-04-25,68,56.555,76.6271,33.82,7.14
Yasnyy,RU,55,2022-04-25,49,51.0333,59.8742,38.39,2.39
Ingham,US,100,2022-04-25,90,42.6,-84.3833,66.92,4.61
Maniitsoq,GL,100,2022-04-25,90,65.4167,-52.9,26.92,6.58
Alofi,NU,99,2022-04-25,79,-19.0595,-169.9187,78.94,11.61
Port Moresby,PG,81,2022-04-25,67,-9.4431,147.1797,83.84,4.12
Gelemso,ET,71,2022-04-25,84,8.8167,40.5167,61.57,5.06
Uauá,BR,3,2022-04-25,71,-9.8414,-39.4817,72.95,13.73
Los Llanos de Aridane,ES,75,2022-04-25,81,28.6585,-17.9182,62.35,10.36
Ilulissat,GL,100,2022-04-25,93,69.2167,-51.1,26.62,4.61
Kaka,TM,100,2022-04-25,55,37.3482,59.6143,66.24,4.16
Moose Factory,CA,100,2022-04-25,98,51.2585,-80.6094,46.06,7.92
Tiarei,PF,69,2022-04-25,72,-17.5333,-149.3333,87.82,8.16
Kharp,RU,18,2022-04-25,85,66.8014,65.8081,10.81,5.23
Huilong,CN,100,2022-04-25,93,31.8111,121.655,64.92,19.15
Vila Velha,BR,75,2022-04-25,85,-20.3297,-40.2925,78.75,13.0
Witu,KE,100,2022-04-25,84,-2.3889,40.4382,79.63,6.29
Koutsouras,GR,4,2022-04-25,75,35.0339,25.9469,62.11,3.94
Kalmunai,LK,73,2022-04-25,84,7.4167,81.8167,79.9,4.09
Leningradskiy,RU,93,2022-04-25,86,69.3833,178.4167,22.69,3.02
Cidreira,BR,0,2022-04-25,87,-30.1811,-50.2056,68.68,20.42
Bograd,RU,14,2022-04-25,58,54.2344,90.8328,31.42,5.06
Les Herbiers,FR,57,2022-04-25,99,46.8667,-1.0167,53.31,6.13
Nova Praha,UA,14,2022-04-25,86,48.5682,32.9027,46.96,7.56
Caibarién,CU,0,2022-04-25,79,22.5206,-79.4669,78.12,20.13
Domoni,KM,100,2022-04-25,88,-12.2569,44.5319,79.07,5.12
San Patricio,US,9,2022-04-25,86,28.017,-97.5169,79.9,16.06
Saint-Pierre,RE,75,2022-04-25,72,-21.3393,55.4781,74.88,17.27
Pangai,TO,83,2022-04-25,68,-19.8,-174.35,79.52,6.02
Coyhaique,CL,100,2022-04-25,81,-45.5752,-72.0662,40.95,8.05
Sinnamary,GF,77,2022-04-25,89,5.3833,-52.95,78.13,9.33
Garmsār,IR,100,2022-04-25,23,35.2182,52.3409,74.25,6.58
Bālāghāt,IN,1,2022-04-25,24,21.8,80.1833,85.19,2.15
Wajir,KE,89,2022-04-25,74,1.7471,40.0573,78.78,9.06
Huarmey,PE,74,2022-04-25,85,-10.0681,-78.1522,68.63,7.94
Biak,ID,4,2022-04-25,68,-0.9131,122.8766,83.46,0.49
Lavrentiya,RU,51,2022-04-25,76,65.5833,-171.0,27.86,4.32
Boende,CD,100,2022-04-25,87,-0.2167,20.8667,72.64,1.36
Bud,US,100,2022-04-25,63,39.447,-86.1758,73.67,12.91
Turtas,RU,55,2022-04-25,91,58.9417,69.1325,33.51,5.48
Takhtamygda,RU,100,2022-04-25,24,54.1,123.5667,41.79,3.29
Chulym,RU,23,2022-04-25,58,55.0997,80.9572,33.8,7.45
Fortuna,US,0,2022-04-25,72,40.5982,-124.1573,59.94,12.66
Bereda,ES,99,2022-04-25,100,43.2686,-7.5406,48.58,1.19
Okhotsk,RU,25,2022-04-25,83,59.3833,143.3,31.51,12.01
Medina del Campo,ES,44,2022-04-25,86,41.3124,-4.9141,42.4,4.74
Muros,ES,98,2022-04-25,93,42.7762,-9.0603,50.85,6.55
Trincomalee,LK,64,2022-04-25,83,8.5711,81.2335,80.29,4.76
Mahébourg,MU,13,2022-04-25,72,-20.4081,57.7,75.25,16.62
Port Elizabeth,ZA,100,2022-04-25,72,-33.918,25.5701,57.31,8.01
Airai,TL,99,2022-04-25,39,-8.9266,125.4092,72.66,2.71
Örnsköldsvik,SE,100,2022-04-25,86,63.2909,18.7153,32.95,3.44
Grenå,DK,6,2022-04-25,83,56.4158,10.8783,41.95,8.16
Banda Aceh,ID,100,2022-04-25,75,5.5577,95.3222,82.09,2.53
Sangar,RU,94,2022-04-25,87,63.9242,127.4739,23.0,6.87
Acaraú,BR,100,2022-04-25,87,-2.8856,-40.12,77.29,7.65
Timbiquí,CO,100,2022-04-25,92,2.7717,-77.6654,75.63,2.06
Abu Samrah,SY,0,2022-04-25,40,35.3029,37.1841,68.76,8.41
Kununurra,AU,70,2022-04-25,42,-15.7667,128.7333,85.98,6.91
Gimli,CA,100,2022-04-25,93,50.6336,-96.9907,25.48,26.73
Byron Bay,AU,100,2022-04-25,62,-28.65,153.6167,71.94,12.66
Kastamonu Province,TR,16,2022-04-25,78,41.5,33.6667,50.07,1.21
Vila Franca do Campo,PT,38,2022-04-25,81,37.7167,-25.4333,57.61,11.41
Nantucket,US,20,2022-04-25,67,41.2835,-70.0995,46.54,0.0
Rørvik,NO,100,2022-04-25,93,64.8621,11.2373,43.05,9.57
Mount Gambier,AU,100,2022-04-25,48,-37.8333,140.7667,65.05,4.36
San Miguel de Tucumán,AR,20,2022-04-25,94,-26.8241,-65.2226,64.4,5.75
Chongoyape,PE,79,2022-04-25,76,-6.6406,-79.3892,74.14,3.22
Atherton,GB,0,2022-04-25,80,53.5237,-2.4935,45.28,7.72
Tamiahua,MX,0,2022-04-25,88,21.2667,-97.45,77.99,15.93
Tamale,GH,100,2022-04-25,62,9.4008,-0.8393,83.14,10.47
Padang,ID,100,2022-04-25,80,-0.9492,100.3543,75.25,2.57
Sittwe,MM,15,2022-04-25,79,20.15,92.9,82.72,4.12
Pangnirtung,CA,100,2022-04-25,88,66.1451,-65.7125,21.38,5.01
Ixtapa,MX,0,2022-04-25,73,20.7,-105.2,76.23,8.05
Bandarbeyla,SO,66,2022-04-25,73,9.4942,50.8122,81.23,7.07
Rock Sound,BS,13,2022-04-25,73,24.9,-76.2,75.65,22.62
Bethel,US,0,2022-04-25,61,41.3712,-73.414,50.09,4.61
Chokurdakh,RU,25,2022-04-25,91,70.6333,147.9167,8.49,3.89
Toamasina,MG,100,2022-04-25,84,-18.1667,49.3833,74.88,7.52
Hong Kong,HK,8,2022-04-25,82,22.2855,114.1577,82.96,7.0
Balkhash,KZ,100,2022-04-25,73,46.844,74.9804,38.32,17.69
Harlingen,US,20,2022-04-25,81,26.1906,-97.6961,81.05,16.11
Kaoma,ZM,99,2022-04-25,73,-14.7833,24.8,66.18,3.18
Carballo,ES,84,2022-04-25,98,43.213,-8.691,51.51,4.03
Hashtrūd,IR,100,2022-04-25,61,37.4779,47.0508,53.64,3.49
Mezhova,UA,9,2022-04-25,91,48.2532,36.7347,48.02,3.67
Komsomolets,KZ,100,2022-04-25,43,53.7453,62.0708,42.57,7.49
Nieuw Amsterdam,SR,100,2022-04-25,89,5.8833,-55.0833,81.01,8.68
Abhā,SA,0,2022-04-25,67,18.2164,42.5053,59.25,0.0
San Buenaventura,MX,1,2022-04-25,30,27.0833,-101.5333,92.32,14.74
Bitung,ID,33,2022-04-25,68,1.4451,125.1824,88.65,2.51
Mago,RU,100,2022-04-25,91,53.2514,140.1822,30.69,4.18
Makakilo City,US,40,2022-04-25,51,21.3469,-158.0858,82.72,20.71
Arrondissement du Havre,FR,100,2022-04-25,93,49.5833,0.3333,46.8,11.5
Dunedin,NZ,8,2022-04-25,53,-45.8742,170.5036,63.81,15.01
Coquimbo,CL,100,2022-04-25,94,-29.9533,-71.3436,56.93,1.14
Grand Baie,MU,83,2022-04-25,71,-20.0182,57.5802,75.45,8.99
Port Hardy,CA,100,2022-04-25,92,50.6996,-127.4199,45.72,11.65
Isiro,CD,100,2022-04-25,100,2.7739,27.616,67.05,1.01
Arys,KZ,0,2022-04-25,71,42.4252,68.795,50.34,4.79
Hofn,IS,99,2022-04-25,90,64.2539,-15.2082,40.91,4.81
Srandakan,ID,100,2022-04-25,81,-7.9386,110.2506,81.28,1.74
Halifax,CA,99,2022-04-25,80,44.6453,-63.5724,38.68,11.99
Sabang,ID,100,2022-04-25,75,5.8933,95.3214,83.25,4.79
Bonavista,CA,100,2022-04-25,93,48.6499,-53.1147,36.1,19.8
Dryden,CA,100,2022-04-25,100,49.7833,-92.7503,34.09,8.05
Camacha,PT,75,2022-04-25,88,33.0833,-16.3333,60.22,12.66
Beckley,US,0,2022-04-25,33,37.7782,-81.1882,73.81,6.91
Jämsä,FI,6,2022-04-25,94,61.8642,25.19,26.15,3.87
Blagoyevo,RU,56,2022-04-25,97,63.3667,47.9167,24.22,1.54
Gouyave,GD,84,2022-04-25,76,12.1646,-61.7296,78.4,17.36
Salina Cruz,MX,0,2022-04-25,68,16.1667,-95.2,83.68,10.94
Nizhnyaya Omka,RU,43,2022-04-25,58,55.4338,74.9426,34.75,6.78
Yerbogachën,RU,100,2022-04-25,74,61.2767,108.0108,29.48,7.85
Graaff-Reinet,ZA,99,2022-04-25,96,-32.2522,24.5308,46.92,4.88
Iqaluit,CA,100,2022-04-25,85,63.7506,-68.5145,20.7,13.0
Tadine,NC,100,2022-04-25,67,-21.55,167.8833,76.28,19.82
Quatre Cocos,MU,27,2022-04-25,72,-20.2078,57.7625,75.09,16.37
Karaidel',RU,100,2022-04-25,83,55.8337,56.9069,43.48,6.4
Svetlaya,RU,100,2022-04-25,47,46.5389,138.3297,47.41,3.4
Haines Junction,CA,87,2022-04-25,70,60.7522,-137.5108,43.09,2.51
Mabaruma,GY,100,2022-04-25,92,8.2,-59.7833,75.11,3.02
Ambon City,ID,40,2022-04-25,59,-3.6954,128.1814,93.34,4.61
Honiara,SB,29,2022-04-25,63,-9.4333,159.95,87.53,5.39
Shetpe,KZ,100,2022-04-25,37,44.1667,52.1167,59.16,8.05
Hīt,IQ,7,2022-04-25,48,33.6416,42.8251,64.62,8.66
Carutapera,BR,1,2022-04-25,92,-1.195,-46.02,75.15,5.91
Ketchikan,US,100,2022-04-25,87,55.3422,-131.6461,46.38,5.75
Antofagasta,CL,44,2022-04-25,89,-23.65,-70.4,61.88,4.81
Viedma,AR,95,2022-04-25,45,-40.8135,-62.9967,67.93,24.49
Petrovsk,RU,99,2022-04-25,78,52.3064,45.3917,50.2,6.2
Waipawa,NZ,85,2022-04-25,62,-41.4122,175.5153,57.07,2.64
Romans-sur-Isère,FR,99,2022-04-25,88,45.0464,5.0562,56.93,2.51
Arlit,NE,0,2022-04-25,11,18.7369,7.3853,83.25,5.88
Berezovyy,RU,91,2022-04-25,87,51.6667,135.7,31.6,3.38
Toma,BF,43,2022-04-25,13,12.7667,-2.8833,86.38,8.81
Verkhnyaya Inta,RU,80,2022-04-25,97,65.9811,60.3094,20.34,6.35
Ostrovnoy,RU,100,2022-04-25,93,68.0531,39.5131,33.35,9.8
Kampot,KH,69,2022-04-25,74,10.6167,104.1833,82.45,4.03
Nanfeng,CN,92,2022-04-25,85,23.7434,111.7959,79.29,2.51
Morant Bay,JM,70,2022-04-25,79,17.8815,-76.4093,73.71,11.23
Sarangani,PH,69,2022-04-25,76,5.4033,125.4636,83.37,15.64
Sisimiut,GL,72,2022-04-25,92,66.9395,-53.6735,24.08,1.63
Punta de Bombón,PE,77,2022-04-25,84,-17.1717,-71.7931,67.53,5.37
Bulawayo,ZW,7,2022-04-25,81,-20.15,28.5833,61.02,2.84
Linhares,BR,9,2022-04-25,89,-19.3911,-40.0722,75.09,6.98
Amapá,BR,25,2022-04-25,98,1.0,-52.0,72.81,2.06
Marsh Harbour,BS,4,2022-04-25,71,26.5412,-77.0636,74.3,19.15
Toro,CO,76,2022-04-25,95,4.6117,-76.0814,74.08,3.2
Ternate,ID,64,2022-04-25,71,0.8,127.4,83.79,1.32
Oranjestad,AW,20,2022-04-25,74,12.524,-70.027,80.55,17.27
Eganville,CA,100,2022-04-25,77,45.5334,-77.0994,45.99,8.28
Menongue,AO,65,2022-04-25,69,-14.6585,17.691,57.85,1.34
Boa Esperança,BR,6,2022-04-25,77,-21.09,-45.5658,65.34,4.9
General Roca,AR,22,2022-04-25,40,-39.0333,-67.5833,59.63,27.4
Maragogi,BR,23,2022-04-25,83,-9.0122,-35.2225,78.3,9.91
Isangel,VU,100,2022-04-25,67,-19.55,169.2667,79.45,18.43
Kahului,US,75,2022-04-25,66,20.8947,-156.47,82.42,21.85
Verkhoyansk,RU,100,2022-04-25,84,67.5447,133.385,20.3,3.27
Tilichiki,RU,100,2022-04-25,85,60.4667,166.1,27.46,17.67
Neyshabur,IR,100,2022-04-25,52,36.2133,58.7958,63.27,3.71
Însurăţei,RO,100,2022-04-25,60,44.9167,27.6,56.82,9.44
Brae,GB,25,2022-04-25,87,60.3964,-1.353,45.14,18.81
Isernia,IT,87,2022-04-25,95,41.6002,14.2382,49.89,5.77
Narsaq,GL,100,2022-04-25,89,60.9167,-46.05,41.22,2.68
Margate,GB,0,2022-04-25,84,51.3813,1.3862,48.31,7.0
Stabat,ID,95,2022-04-25,92,3.761,98.4513,77.2,2.26
Smyshlyayevka,RU,100,2022-04-25,73,53.2391,50.3907,45.64,2.51
Mina,MX,96,2022-04-25,47,26.0011,-100.5299,85.41,6.11
Sete Lagoas,BR,100,2022-04-25,64,-19.4658,-44.2467,76.08,7.78
Smithers,CA,100,2022-04-25,47,54.7804,-127.1743,53.92,6.91
Raudeberg,NO,90,2022-04-25,88,61.9875,5.1352,43.86,20.02
Nishifukuma,JP,48,2022-04-25,72,33.7667,130.4667,78.3,1.66
Mbandaka,CD,100,2022-04-25,86,0.0487,18.2603,72.14,2.57
Mutsu,JP,22,2022-04-25,59,41.2894,141.2169,60.71,4.29
Itoman,JP,40,2022-04-25,87,26.1247,127.6694,81.37,10.36
Krasnovka,RU,6,2022-04-25,88,48.8177,40.0923,50.76,5.88
Taunggyi,MM,4,2022-04-25,47,20.7833,97.0333,75.15,2.08
Mīnāb,IR,6,2022-04-25,59,27.1467,57.0801,79.48,3.11
Namatanai,PG,79,2022-04-25,65,-3.6667,152.4333,85.41,3.29
Fulton,US,0,2022-04-25,61,33.7668,-84.4499,74.52,5.75
Sur,OM,0,2022-04-25,43,22.5667,59.5289,84.25,9.66
Waverly,US,75,2022-04-25,92,42.7392,-84.6208,66.36,12.66
Saint-Joseph,RE,93,2022-04-25,76,-21.3667,55.6167,73.78,13.27
Muyezerskiy,RU,58,2022-04-25,98,63.9333,31.65,24.8,1.36
Hayden,US,0,2022-04-25,33,47.766,-116.7866,64.49,4.61
Green River,US,91,2022-04-25,52,41.5286,-109.4662,45.99,5.01
Santa Cruz de la Sierra,BO,40,2022-04-25,94,-17.8,-63.1667,76.46,9.22
Ekibastuz,KZ,35,2022-04-25,46,51.6667,75.3667,32.83,8.59
Rome,US,0,2022-04-25,42,43.2128,-75.4557,65.82,11.5
Aquin,HT,72,2022-04-25,76,18.2833,-73.4,76.51,3.6
Klaksvík,FO,100,2022-04-25,83,62.2266,-6.589,38.32,16.35
Cayenne,GF,20,2022-04-25,1,4.9333,-52.3333,81.09,3.0
Kenai,US,100,2022-04-25,51,60.5544,-151.2583,53.02,12.66
Oktyabr'skiy,RU,100,2022-04-25,76,54.4815,53.471,49.8,7.11
Vardø,NO,100,2022-04-25,87,70.3705,31.1107,34.88,5.21
Ambulu,ID,39,2022-04-25,80,-8.345,113.6058,80.92,2.1
Wajid,SO,100,2022-04-25,80,3.8093,43.2471,75.42,10.27
Liwale,TZ,100,2022-04-25,99,-9.7667,37.9333,68.58,0.51
San Quintín,MX,0,2022-04-25,50,30.4833,-115.95,69.01,10.16
Bilma,NE,0,2022-04-25,9,18.6853,12.9164,88.52,6.93
Henties Bay,NA,0,2022-04-25,83,-22.116,14.2845,58.89,9.53
Labuhan,ID,41,2022-04-25,81,-6.8844,112.2051,81.36,6.64
Hangu,CN,100,2022-04-25,64,39.2489,117.7892,62.64,6.35
Arcata,US,0,2022-04-25,73,40.8665,-124.0828,66.67,9.22
Bambanglipuro,ID,100,2022-04-25,81,-7.95,110.2833,81.18,1.3
Sorong,ID,61,2022-04-25,76,-0.8833,131.25,82.94,0.6
Banamba,ML,90,2022-04-25,13,13.55,-7.45,87.55,11.9
Tchibanga,GA,100,2022-04-25,98,-2.85,11.0333,71.69,1.9
Radinac,RS,85,2022-04-25,67,44.6267,20.967,53.08,4.79
Yenagoa,NG,100,2022-04-25,91,4.9247,6.2642,74.17,1.52
Vallenar,CL,0,2022-04-25,66,-28.5708,-70.7581,61.7,3.04
Slave Lake,CA,100,2022-04-25,46,55.2834,-114.769,54.21,9.84
Adrar,MR,0,2022-04-25,35,20.5022,-10.0711,72.01,10.04
Galesong,ID,100,2022-04-25,73,-5.3166,119.3661,78.82,7.63
Harindānga,IN,5,2022-04-25,79,22.0383,88.3214,84.24,12.44
Sankheda,IN,0,2022-04-25,30,22.1667,73.5833,76.78,4.07
Necochea,AR,100,2022-04-25,44,-38.5473,-58.7368,68.11,18.59
Arua,UG,100,2022-04-25,89,3.0201,30.9111,64.8,2.95
Ossora,RU,100,2022-04-25,97,59.2353,163.0719,31.14,16.8
Ribeira Grande,PT,16,2022-04-25,75,38.5167,-28.7,58.89,14.09
Onega,RU,19,2022-04-25,89,63.9061,38.1404,24.67,2.62
Moroni,KM,94,2022-04-25,82,-11.7022,43.2551,79.07,5.03
Alto Araguaia,BR,11,2022-04-25,78,-17.3147,-53.2153,71.26,2.08
Aklavik,CA,100,2022-04-25,91,68.2191,-135.0107,33.03,5.75
Zhumadian,CN,100,2022-04-25,98,32.9794,114.0294,66.47,12.3
Arrondissement de Saint-Denis,FR,0,2022-04-25,72,48.9167,2.3333,55.08,9.22
Challapata,BO,5,2022-04-25,24,-18.9,-66.7667,48.09,3.13
Launceston,AU,100,2022-04-25,87,-41.45,147.1667,59.81,0.0
Falam,MM,0,2022-04-25,30,22.9167,93.6833,73.92,2.84
Puerto Baquerizo Moreno,EC,97,2022-04-25,88,-0.9,-89.6,71.74,9.31
Bar Harbor,US,0,2022-04-25,49,44.3876,-68.2039,46.54,5.75
Tumut,AU,75,2022-04-25,48,-35.3,148.2167,67.3,1.92
Evensk,RU,100,2022-04-25,85,61.95,159.2333,28.74,26.33
Turan,VN,20,2022-04-25,74,16.0678,108.2208,82.38,5.75
Pandan,PH,100,2022-04-25,85,14.0453,124.1694,82.89,11.16
Nishihara,JP,75,2022-04-25,86,26.1842,127.7558,80.65,10.36
Osakarovka,KZ,70,2022-04-25,45,50.565,72.5692,28.42,12.35
Fowa,NG,85,2022-04-25,72,8.9167,6.4,77.41,3.56
Ciudad Bolivar,VE,100,2022-04-25,48,8.1222,-63.5497,88.12,12.12
Fairbanks,US,0,2022-04-25,33,64.8378,-147.7164,52.14,6.91
Pankrushikha,RU,13,2022-04-25,51,53.8319,80.3406,34.03,0.76
Lampazos de Naranjo,MX,93,2022-04-25,58,27.0167,-100.5167,80.24,26.42
Sunrise,US,40,2022-04-25,75,26.1577,-80.2861,78.03,16.11
Aden,YE,43,2022-04-25,81,12.7794,45.0367,82.4,17.27
Kirkwood,US,100,2022-04-25,90,38.5834,-90.4068,64.56,13.8
Yumen,CN,17,2022-04-25,50,40.2833,97.2,53.42,17.2
Christchurch,NZ,0,2022-04-25,59,-43.5333,172.6333,69.42,4.61
Pedersore,FI,23,2022-04-25,81,63.65,22.6833,28.0,3.58
Haljala,EE,100,2022-04-25,97,59.4336,26.2614,37.06,10.29
Gravdal,NO,100,2022-04-25,83,68.1214,13.5031,39.94,9.6
Aswān,EG,23,2022-04-25,15,24.0934,32.907,76.95,10.65
Namanga,KE,93,2022-04-25,92,-2.5433,36.7905,63.77,2.28
Birjand,IR,63,2022-04-25,39,32.8663,59.2211,61.52,8.1
Nukus,UZ,0,2022-04-25,81,42.4531,59.6103,49.98,2.3
La Ronge,CA,100,2022-04-25,74,55.1001,-105.2842,32.45,8.14
Qasigiannguit,GL,97,2022-04-25,96,68.8193,-51.1922,26.85,0.81
Bābra,IN,0,2022-04-25,39,21.85,71.3,80.11,14.74
Tutova,RO,100,2022-04-25,79,46.1167,27.55,55.4,8.86
Tomobe,JP,35,2022-04-25,72,36.35,140.3,76.78,4.25
Kupang,ID,100,2022-04-25,64,-10.1667,123.5833,82.6,4.7
Odienné,CI,0,2022-04-25,48,9.51,-7.5692,79.32,1.59
Aksu,CN,100,2022-04-25,23,41.1231,80.2644,67.78,3.31
Redlands,US,0,2022-04-25,13,34.0556,-117.1825,84.16,10.36
Aripuanã,BR,0,2022-04-25,93,-9.1667,-60.6333,74.43,0.74
Izazi,TZ,100,2022-04-25,86,-7.2,35.7333,69.4,2.04
Cockburn Town,TC,99,2022-04-25,72,21.4612,-71.1419,77.56,21.32
Andrychów,PL,37,2022-04-25,86,49.855,19.3383,46.85,4.56
Weihe,CN,98,2022-04-25,51,32.9952,105.3247,62.47,2.62
Taormina,IT,6,2022-04-25,57,37.8536,15.2885,61.79,4.94
Bariloche,AR,100,2022-04-25,80,-41.1456,-71.3082,35.35,16.11
Cam Ranh,VN,20,2022-04-25,74,11.9214,109.1591,84.16,2.3
Severo-Kuril'sk,RU,88,2022-04-25,90,50.6789,156.125,34.0,1.81
Havre-St-Pierre,CA,100,2022-04-25,78,50.2334,-63.5986,37.71,15.21
Loíza,PR,20,2022-04-25,73,18.4313,-65.8802,78.8,13.8
Naryan-Mar,RU,100,2022-04-25,97,67.6713,53.087,25.48,8.59
Anadyr,RU,0,2022-04-25,64,64.75,177.4833,30.7,8.95
Buin,CL,100,2022-04-25,78,-33.7333,-70.75,63.73,1.7
Tam Ky,VN,5,2022-04-25,77,15.5667,108.4833,82.08,1.97
Laem Sing,TH,100,2022-04-25,100,12.4816,102.0738,88.02,3.89
Muroto-misakicho,JP,100,2022-04-25,87,33.2833,134.15,66.49,4.07
Shakawe,BW,55,2022-04-25,46,-18.3667,21.85,64.24,3.2
Carauari,BR,69,2022-04-25,97,-4.8828,-66.8958,74.46,2.82
Tupik,RU,99,2022-04-25,51,54.4253,119.9327,35.49,5.66
Susanville,US,0,2022-04-25,26,40.4163,-120.653,64.9,4.61
Jiuquan,CN,0,2022-04-25,47,39.7432,98.5174,54.59,7.61
Sukhobuzimskoye,RU,24,2022-04-25,64,56.5,93.2728,31.84,9.89
Jega,NG,88,2022-04-25,42,12.2175,4.3792,88.43,13.51
Ardakān,IR,23,2022-04-25,17,32.31,54.0175,70.3,3.11
Arāmbāgh,IN,3,2022-04-25,73,22.8833,87.7833,83.93,8.41
Tateyama,JP,11,2022-04-25,75,34.9833,139.8667,66.87,1.54
Pacific Grove,US,0,2022-04-25,74,36.6177,-121.9166,68.11,5.99
Nome,US,100,2022-04-25,87,64.5011,-165.4064,38.16,0.0
La Paz,BO,75,2022-04-25,93,-16.5,-68.15,44.58,4.61
Shubarkuduk,KZ,76,2022-04-25,53,49.1447,56.4872,42.62,5.21
San Alberto,CO,100,2022-04-25,92,7.7611,-73.3922,76.3,4.34
Miramar,US,0,2022-04-25,73,25.9873,-80.2323,78.03,16.11
Pochutla,MX,41,2022-04-25,63,15.7432,-96.4661,82.81,5.35
Maceió,BR,75,2022-04-25,83,-9.6658,-35.7353,78.24,3.44
Tazovsky,RU,62,2022-04-25,99,67.4667,78.7,-4.65,4.79
Kjøpsvik,NO,100,2022-04-25,99,68.097,16.3742,41.16,4.81
Ambilobe,MG,3,2022-04-25,84,-13.2,49.05,71.76,4.61
Rio de Janeiro,BR,20,2022-04-25,71,-22.9028,-43.2075,77.0,10.36
Krutinka,RU,100,2022-04-25,56,56.0055,71.5113,36.5,10.4
Copala,MX,0,2022-04-25,65,16.65,-98.9833,81.0,6.17
Kumul,CN,20,2022-04-25,35,42.8,93.45,60.64,19.24
Bonthe,SL,100,2022-04-25,80,7.5264,-12.505,76.14,10.98
Ulaangom,MN,0,2022-04-25,32,49.9811,92.0667,32.31,4.54
Stykkisholmur,IS,72,2022-04-25,76,65.0757,-22.7297,42.76,4.56
Carlos Chagas,BR,88,2022-04-25,93,-17.7031,-40.7664,74.26,9.6
Gijang,KR,100,2022-04-25,66,35.2442,129.2139,69.66,5.53
Batagay-Alyta,RU,100,2022-04-25,82,67.8006,130.4114,14.2,1.07
Kwang Binh,VN,7,2022-04-25,72,17.4833,106.6,84.09,5.35
São Sebastião,BR,79,2022-04-25,89,-23.76,-45.4097,72.5,7.81
Caarapó,BR,3,2022-04-25,71,-22.6342,-54.8222,73.0,6.62
Rundu,NA,0,2022-04-25,47,-17.9333,19.7667,60.91,3.47
